unit=01	section_index=01	section=vocabulary	heading=Vocabulary	start_line=228	end_line=234	line_count=7	source=sources\destination-c1-c2\units\unit-01.txt	file=sources\destination-c1-c2\sections\unit-01-s01-vocabulary.txt
unit=01	section_index=02	section=topic-vocabulary:Thinking see page 224 for definitions	heading=Topic vocabulary: Thinking see page 224 for definitions	start_line=235	end_line=301	line_count=67	source=sources\destination-c1-c2\units\unit-01.txt	file=sources\destination-c1-c2\sections\unit-01-s02-topic-vocabulary-thinking-see-page-224-for-definitions.txt
unit=01	section_index=03	section=phrases-patterns-collocations	heading=Phrases, patterns and collocations	start_line=302	end_line=326	line_count=25	source=sources\destination-c1-c2\units\unit-01.txt	file=sources\destination-c1-c2\sections\unit-01-s03-phrases-patterns-collocations.txt
unit=01	section_index=04	section=idioms	heading=Idioms	start_line=327	end_line=343	line_count=17	source=sources\destination-c1-c2\units\unit-01.txt	file=sources\destination-c1-c2\sections\unit-01-s04-idioms.txt
unit=01	section_index=05	section=word-formation	heading=Word formation	start_line=344	end_line=370	line_count=27	source=sources\destination-c1-c2\units\unit-01.txt	file=sources\destination-c1-c2\sections\unit-01-s05-word-formation.txt
unit=02	section_index=01	section=topic-vocabulary:Thinking	heading=Topic vocabulary: Thinking	start_line=5	end_line=61	line_count=57	source=sources\destination-c1-c2\units\unit-02.txt	file=sources\destination-c1-c2\sections\unit-02-s01-topic-vocabulary-thinking.txt
unit=02	section_index=02	section=topic-vocabulary:Learning	heading=Topic vocabulary: Learning	start_line=62	end_line=93	line_count=32	source=sources\destination-c1-c2\units\unit-02.txt	file=sources\destination-c1-c2\sections\unit-02-s02-topic-vocabulary-learning.txt
unit=02	section_index=03	section=phrasal-verbs	heading=Phrasal verbs	start_line=94	end_line=149	line_count=56	source=sources\destination-c1-c2\units\unit-02.txt	file=sources\destination-c1-c2\sections\unit-02-s03-phrasal-verbs.txt
unit=02	section_index=04	section=phrases-patterns-collocations	heading=Phrases, patterns and collocations	start_line=150	end_line=241	line_count=92	source=sources\destination-c1-c2\units\unit-02.txt	file=sources\destination-c1-c2\sections\unit-02-s04-phrases-patterns-collocations.txt
unit=02	section_index=05	section=idioms	heading=Idioms	start_line=242	end_line=262	line_count=21	source=sources\destination-c1-c2\units\unit-02.txt	file=sources\destination-c1-c2\sections\unit-02-s05-idioms.txt
unit=02	section_index=06	section=word-formation	heading=Word formation	start_line=263	end_line=426	line_count=164	source=sources\destination-c1-c2\units\unit-02.txt	file=sources\destination-c1-c2\sections\unit-02-s06-word-formation.txt
unit=02	section_index=07	section=grammar	heading=Grammar	start_line=427	end_line=552	line_count=126	source=sources\destination-c1-c2\units\unit-02.txt	file=sources\destination-c1-c2\sections\unit-02-s07-grammar.txt
unit=03	section_index=01	section=topic-vocabulary:Change see page 225 for definitions	heading=Topic vocabulary: Change see page 225 for definitions	start_line=240	end_line=252	line_count=13	source=sources\destination-c1-c2\units\unit-03.txt	file=sources\destination-c1-c2\sections\unit-03-s01-topic-vocabulary-change-see-page-225-for-definitions.txt
unit=03	section_index=02	section=topic-vocabulary:Technology see page 226 for definitions	heading=Topic vocabulary: Technology see page 226 for definitions	start_line=253	end_line=260	line_count=8	source=sources\destination-c1-c2\units\unit-03.txt	file=sources\destination-c1-c2\sections\unit-03-s02-topic-vocabulary-technology-see-page-226-for-definitions.txt
unit=03	section_index=03	section=phrasal-verbs	heading=Phrasal verbs	start_line=261	end_line=332	line_count=72	source=sources\destination-c1-c2\units\unit-03.txt	file=sources\destination-c1-c2\sections\unit-03-s03-phrasal-verbs.txt
unit=03	section_index=04	section=idioms	heading=Idioms	start_line=333	end_line=348	line_count=16	source=sources\destination-c1-c2\units\unit-03.txt	file=sources\destination-c1-c2\sections\unit-03-s04-idioms.txt
unit=03	section_index=05	section=word-formation	heading=Word formation	start_line=349	end_line=371	line_count=23	source=sources\destination-c1-c2\units\unit-03.txt	file=sources\destination-c1-c2\sections\unit-03-s05-word-formation.txt
unit=04	section_index=01	section=topic-vocabulary:Change	heading=Topic vocabulary: Change	start_line=5	end_line=79	line_count=75	source=sources\destination-c1-c2\units\unit-04.txt	file=sources\destination-c1-c2\sections\unit-04-s01-topic-vocabulary-change.txt
unit=04	section_index=02	section=topic-vocabulary:Technology	heading=Topic vocabulary: Technology	start_line=80	end_line=116	line_count=37	source=sources\destination-c1-c2\units\unit-04.txt	file=sources\destination-c1-c2\sections\unit-04-s02-topic-vocabulary-technology.txt
unit=04	section_index=03	section=phrasal-verbs	heading=Phrasal verbs	start_line=117	end_line=173	line_count=57	source=sources\destination-c1-c2\units\unit-04.txt	file=sources\destination-c1-c2\sections\unit-04-s03-phrasal-verbs.txt
unit=04	section_index=04	section=phrases-patterns-collocations	heading=Phrases, patterns and collocations	start_line=174	end_line=258	line_count=85	source=sources\destination-c1-c2\units\unit-04.txt	file=sources\destination-c1-c2\sections\unit-04-s04-phrases-patterns-collocations.txt
unit=04	section_index=05	section=idioms	heading=Idioms	start_line=259	end_line=293	line_count=35	source=sources\destination-c1-c2\units\unit-04.txt	file=sources\destination-c1-c2\sections\unit-04-s05-idioms.txt
unit=04	section_index=06	section=word-formation	heading=Word formation	start_line=294	end_line=330	line_count=37	source=sources\destination-c1-c2\units\unit-04.txt	file=sources\destination-c1-c2\sections\unit-04-s06-word-formation.txt
unit=04	section_index=07	section=review	heading=REVIEW	start_line=331	end_line=468	line_count=138	source=sources\destination-c1-c2\units\unit-04.txt	file=sources\destination-c1-c2\sections\unit-04-s07-review.txt
unit=04	section_index=08	section=grammar	heading=Grammar	start_line=469	end_line=556	line_count=88	source=sources\destination-c1-c2\units\unit-04.txt	file=sources\destination-c1-c2\sections\unit-04-s08-grammar.txt
unit=05	section_index=01	section=topic-vocabulary:Time see page 227 for definitions	heading=Topic vocabulary: Time see page 227 for definitions	start_line=236	end_line=248	line_count=13	source=sources\destination-c1-c2\units\unit-05.txt	file=sources\destination-c1-c2\sections\unit-05-s01-topic-vocabulary-time-see-page-227-for-definitions.txt
unit=05	section_index=02	section=topic-vocabulary:Work see page 228 for definitions	heading=Topic vocabulary: Work see page 228 for definitions	start_line=249	end_line=256	line_count=8	source=sources\destination-c1-c2\units\unit-05.txt	file=sources\destination-c1-c2\sections\unit-05-s02-topic-vocabulary-work-see-page-228-for-definitions.txt
unit=05	section_index=03	section=phrasal-verbs	heading=Phrasal verbs	start_line=257	end_line=294	line_count=38	source=sources\destination-c1-c2\units\unit-05.txt	file=sources\destination-c1-c2\sections\unit-05-s03-phrasal-verbs.txt
unit=05	section_index=04	section=phrases-patterns-collocations	heading=Phrases, patterns and collocations	start_line=295	end_line=335	line_count=41	source=sources\destination-c1-c2\units\unit-05.txt	file=sources\destination-c1-c2\sections\unit-05-s04-phrases-patterns-collocations.txt
unit=05	section_index=05	section=idioms	heading=Idioms	start_line=336	end_line=352	line_count=17	source=sources\destination-c1-c2\units\unit-05.txt	file=sources\destination-c1-c2\sections\unit-05-s05-idioms.txt
unit=05	section_index=06	section=word-formation	heading=Word formation	start_line=353	end_line=377	line_count=25	source=sources\destination-c1-c2\units\unit-05.txt	file=sources\destination-c1-c2\sections\unit-05-s06-word-formation.txt
unit=06	section_index=01	section=topic-vocabulary:Time	heading=Topic vocabulary: Time	start_line=5	end_line=67	line_count=63	source=sources\destination-c1-c2\units\unit-06.txt	file=sources\destination-c1-c2\sections\unit-06-s01-topic-vocabulary-time.txt
unit=06	section_index=02	section=topic-vocabulary:Work	heading=Topic vocabulary: Work	start_line=68	end_line=116	line_count=49	source=sources\destination-c1-c2\units\unit-06.txt	file=sources\destination-c1-c2\sections\unit-06-s02-topic-vocabulary-work.txt
unit=06	section_index=03	section=phrasal-verbs	heading=Phrasal verbs	start_line=117	end_line=173	line_count=57	source=sources\destination-c1-c2\units\unit-06.txt	file=sources\destination-c1-c2\sections\unit-06-s03-phrasal-verbs.txt
unit=06	section_index=04	section=phrases-patterns-collocations	heading=Phrases, patterns and collocations	start_line=174	end_line=246	line_count=73	source=sources\destination-c1-c2\units\unit-06.txt	file=sources\destination-c1-c2\sections\unit-06-s04-phrases-patterns-collocations.txt
unit=06	section_index=05	section=idioms	heading=Idioms	start_line=247	end_line=265	line_count=19	source=sources\destination-c1-c2\units\unit-06.txt	file=sources\destination-c1-c2\sections\unit-06-s05-idioms.txt
unit=06	section_index=06	section=word-formation	heading=Word formation	start_line=266	end_line=441	line_count=176	source=sources\destination-c1-c2\units\unit-06.txt	file=sources\destination-c1-c2\sections\unit-06-s06-word-formation.txt
unit=06	section_index=07	section=grammar	heading=Grammar	start_line=442	end_line=575	line_count=134	source=sources\destination-c1-c2\units\unit-06.txt	file=sources\destination-c1-c2\sections\unit-06-s07-grammar.txt
unit=07	section_index=01	section=topic-vocabulary:Movement see page 229 for definitions	heading=Topic vocabulary: Movement see page 229 for definitions	start_line=241	end_line=254	line_count=14	source=sources\destination-c1-c2\units\unit-07.txt	file=sources\destination-c1-c2\sections\unit-07-s01-topic-vocabulary-movement-see-page-229-for-definitions.txt
unit=07	section_index=02	section=topic-vocabulary:Transport see page 230 for definitions	heading=Topic vocabulary: Transport see page 230 for definitions	start_line=255	end_line=261	line_count=7	source=sources\destination-c1-c2\units\unit-07.txt	file=sources\destination-c1-c2\sections\unit-07-s02-topic-vocabulary-transport-see-page-230-for-definitions.txt
unit=07	section_index=03	section=phrasal-verbs	heading=Phrasal verbs	start_line=262	end_line=295	line_count=34	source=sources\destination-c1-c2\units\unit-07.txt	file=sources\destination-c1-c2\sections\unit-07-s03-phrasal-verbs.txt
unit=07	section_index=04	section=phrases-patterns-collocations	heading=Phrases, patterns and collocations	start_line=296	end_line=332	line_count=37	source=sources\destination-c1-c2\units\unit-07.txt	file=sources\destination-c1-c2\sections\unit-07-s04-phrases-patterns-collocations.txt
unit=07	section_index=05	section=idioms	heading=Idioms	start_line=333	end_line=346	line_count=14	source=sources\destination-c1-c2\units\unit-07.txt	file=sources\destination-c1-c2\sections\unit-07-s05-idioms.txt
unit=07	section_index=06	section=word-formation	heading=Word formation	start_line=347	end_line=365	line_count=19	source=sources\destination-c1-c2\units\unit-07.txt	file=sources\destination-c1-c2\sections\unit-07-s06-word-formation.txt
unit=08	section_index=01	section=topic-vocabulary:Movement	heading=Topic vocabulary: Movement	start_line=6	end_line=85	line_count=80	source=sources\destination-c1-c2\units\unit-08.txt	file=sources\destination-c1-c2\sections\unit-08-s01-topic-vocabulary-movement.txt
unit=08	section_index=02	section=topic-vocabulary:Transport	heading=Topic vocabulary: Transport	start_line=86	end_line=131	line_count=46	source=sources\destination-c1-c2\units\unit-08.txt	file=sources\destination-c1-c2\sections\unit-08-s02-topic-vocabulary-transport.txt
unit=08	section_index=03	section=phrasal-verbs	heading=Phrasal verbs	start_line=132	end_line=177	line_count=46	source=sources\destination-c1-c2\units\unit-08.txt	file=sources\destination-c1-c2\sections\unit-08-s03-phrasal-verbs.txt
unit=08	section_index=04	section=phrases-patterns-collocations	heading=Phrases, patterns and collocations	start_line=178	end_line=258	line_count=81	source=sources\destination-c1-c2\units\unit-08.txt	file=sources\destination-c1-c2\sections\unit-08-s04-phrases-patterns-collocations.txt
unit=08	section_index=05	section=idioms	heading=Idioms	start_line=259	end_line=281	line_count=23	source=sources\destination-c1-c2\units\unit-08.txt	file=sources\destination-c1-c2\sections\unit-08-s05-idioms.txt
unit=08	section_index=06	section=word-formation	heading=Word formation	start_line=282	end_line=334	line_count=53	source=sources\destination-c1-c2\units\unit-08.txt	file=sources\destination-c1-c2\sections\unit-08-s06-word-formation.txt
unit=08	section_index=07	section=review	heading=REVIEW	start_line=335	end_line=434	line_count=100	source=sources\destination-c1-c2\units\unit-08.txt	file=sources\destination-c1-c2\sections\unit-08-s07-review.txt
unit=08	section_index=08	section=grammar	heading=Grammar	start_line=435	end_line=568	line_count=134	source=sources\destination-c1-c2\units\unit-08.txt	file=sources\destination-c1-c2\sections\unit-08-s08-grammar.txt
unit=09	section_index=01	section=topic-vocabulary:Communication see page 230 for definitions	heading=Topic vocabulary: Communication see page 230 for definitions	start_line=246	end_line=258	line_count=13	source=sources\destination-c1-c2\units\unit-09.txt	file=sources\destination-c1-c2\sections\unit-09-s01-topic-vocabulary-communication-see-page-230-for-definitions.txt
unit=09	section_index=02	section=topic-vocabulary:The media see page 231 for definitions	heading=Topic vocabulary: The media see page 231 for definitions	start_line=259	end_line=266	line_count=8	source=sources\destination-c1-c2\units\unit-09.txt	file=sources\destination-c1-c2\sections\unit-09-s02-topic-vocabulary-the-media-see-page-231-for-definitions.txt
unit=09	section_index=03	section=phrasal-verbs	heading=Phrasal verbs	start_line=267	end_line=290	line_count=24	source=sources\destination-c1-c2\units\unit-09.txt	file=sources\destination-c1-c2\sections\unit-09-s03-phrasal-verbs.txt
unit=09	section_index=04	section=phrases-patterns-collocations	heading=Phrases, patterns and collocations	start_line=291	end_line=330	line_count=40	source=sources\destination-c1-c2\units\unit-09.txt	file=sources\destination-c1-c2\sections\unit-09-s04-phrases-patterns-collocations.txt
unit=09	section_index=05	section=idioms	heading=Idioms	start_line=331	end_line=348	line_count=18	source=sources\destination-c1-c2\units\unit-09.txt	file=sources\destination-c1-c2\sections\unit-09-s05-idioms.txt
unit=09	section_index=06	section=word-formation	heading=Word formation	start_line=349	end_line=379	line_count=31	source=sources\destination-c1-c2\units\unit-09.txt	file=sources\destination-c1-c2\sections\unit-09-s06-word-formation.txt
unit=10	section_index=01	section=topic-vocabulary:Communication	heading=Topic vocabulary: Communication	start_line=5	end_line=78	line_count=74	source=sources\destination-c1-c2\units\unit-10.txt	file=sources\destination-c1-c2\sections\unit-10-s01-topic-vocabulary-communication.txt
unit=10	section_index=02	section=topic-vocabulary:The media	heading=Topic vocabulary: The media	start_line=79	end_line=122	line_count=44	source=sources\destination-c1-c2\units\unit-10.txt	file=sources\destination-c1-c2\sections\unit-10-s02-topic-vocabulary-the-media.txt
unit=10	section_index=03	section=phrasal-verbs	heading=Phrasal verbs	start_line=123	end_line=175	line_count=53	source=sources\destination-c1-c2\units\unit-10.txt	file=sources\destination-c1-c2\sections\unit-10-s03-phrasal-verbs.txt
unit=10	section_index=04	section=phrases-patterns-collocations	heading=Phrases, patterns and collocations	start_line=176	end_line=242	line_count=67	source=sources\destination-c1-c2\units\unit-10.txt	file=sources\destination-c1-c2\sections\unit-10-s04-phrases-patterns-collocations.txt
unit=10	section_index=05	section=idioms	heading=Idioms	start_line=243	end_line=262	line_count=20	source=sources\destination-c1-c2\units\unit-10.txt	file=sources\destination-c1-c2\sections\unit-10-s05-idioms.txt
unit=10	section_index=06	section=word-formation	heading=Word formation	start_line=263	end_line=332	line_count=70	source=sources\destination-c1-c2\units\unit-10.txt	file=sources\destination-c1-c2\sections\unit-10-s06-word-formation.txt
unit=10	section_index=07	section=review	heading=REVIEW	start_line=333	end_line=441	line_count=109	source=sources\destination-c1-c2\units\unit-10.txt	file=sources\destination-c1-c2\sections\unit-10-s07-review.txt
unit=10	section_index=08	section=grammar	heading=Grammar	start_line=442	end_line=567	line_count=126	source=sources\destination-c1-c2\units\unit-10.txt	file=sources\destination-c1-c2\sections\unit-10-s08-grammar.txt
unit=11	section_index=01	section=vocabulary	heading=Vocabulary	start_line=222	end_line=229	line_count=8	source=sources\destination-c1-c2\units\unit-11.txt	file=sources\destination-c1-c2\sections\unit-11-s01-vocabulary.txt
unit=11	section_index=02	section=topic-vocabulary:Chance see page 232 for definitions	heading=Topic vocabulary: Chance see page 232 for definitions	start_line=230	end_line=242	line_count=13	source=sources\destination-c1-c2\units\unit-11.txt	file=sources\destination-c1-c2\sections\unit-11-s02-topic-vocabulary-chance-see-page-232-for-definitions.txt
unit=11	section_index=03	section=topic-vocabulary:Nature see page 233 for definitions	heading=Topic vocabulary: Nature see page 233 for definitions	start_line=243	end_line=249	line_count=7	source=sources\destination-c1-c2\units\unit-11.txt	file=sources\destination-c1-c2\sections\unit-11-s03-topic-vocabulary-nature-see-page-233-for-definitions.txt
unit=11	section_index=04	section=phrasal-verbs	heading=Phrasal verbs	start_line=250	end_line=272	line_count=23	source=sources\destination-c1-c2\units\unit-11.txt	file=sources\destination-c1-c2\sections\unit-11-s04-phrasal-verbs.txt
unit=11	section_index=05	section=phrases-patterns-collocations	heading=Phrases, patterns and collocations	start_line=273	end_line=303	line_count=31	source=sources\destination-c1-c2\units\unit-11.txt	file=sources\destination-c1-c2\sections\unit-11-s05-phrases-patterns-collocations.txt
unit=11	section_index=06	section=idioms	heading=Idioms	start_line=304	end_line=320	line_count=17	source=sources\destination-c1-c2\units\unit-11.txt	file=sources\destination-c1-c2\sections\unit-11-s06-idioms.txt
unit=11	section_index=07	section=word-formation	heading=Word formation	start_line=321	end_line=340	line_count=20	source=sources\destination-c1-c2\units\unit-11.txt	file=sources\destination-c1-c2\sections\unit-11-s07-word-formation.txt
unit=12	section_index=01	section=topic-vocabulary:Chance	heading=Topic vocabulary: Chance	start_line=5	end_line=78	line_count=74	source=sources\destination-c1-c2\units\unit-12.txt	file=sources\destination-c1-c2\sections\unit-12-s01-topic-vocabulary-chance.txt
unit=12	section_index=02	section=topic-vocabulary:Nature	heading=Topic vocabulary: Nature	start_line=79	end_line=114	line_count=36	source=sources\destination-c1-c2\units\unit-12.txt	file=sources\destination-c1-c2\sections\unit-12-s02-topic-vocabulary-nature.txt
unit=12	section_index=03	section=phrasal-verbs	heading=Phrasal verbs	start_line=115	end_line=169	line_count=55	source=sources\destination-c1-c2\units\unit-12.txt	file=sources\destination-c1-c2\sections\unit-12-s03-phrasal-verbs.txt
unit=12	section_index=04	section=phrases-patterns-collocations	heading=Phrases, patterns and collocations	start_line=170	end_line=243	line_count=74	source=sources\destination-c1-c2\units\unit-12.txt	file=sources\destination-c1-c2\sections\unit-12-s04-phrases-patterns-collocations.txt
unit=12	section_index=05	section=idioms	heading=Idioms	start_line=244	end_line=284	line_count=41	source=sources\destination-c1-c2\units\unit-12.txt	file=sources\destination-c1-c2\sections\unit-12-s05-idioms.txt
unit=12	section_index=06	section=word-formation	heading=Word formation	start_line=285	end_line=328	line_count=44	source=sources\destination-c1-c2\units\unit-12.txt	file=sources\destination-c1-c2\sections\unit-12-s06-word-formation.txt
unit=12	section_index=07	section=review	heading=REVIEW	start_line=329	end_line=430	line_count=102	source=sources\destination-c1-c2\units\unit-12.txt	file=sources\destination-c1-c2\sections\unit-12-s07-review.txt
unit=12	section_index=08	section=progress-test	heading=Progress Test 1: Units 1-12	start_line=431	end_line=619	line_count=189	source=sources\destination-c1-c2\units\unit-12.txt	file=sources\destination-c1-c2\sections\unit-12-s08-progress-test.txt
unit=12	section_index=09	section=grammar	heading=Grammar	start_line=620	end_line=770	line_count=151	source=sources\destination-c1-c2\units\unit-12.txt	file=sources\destination-c1-c2\sections\unit-12-s09-grammar.txt
unit=13	section_index=01	section=vocabulary	heading=Vocabulary	start_line=228	end_line=231	line_count=4	source=sources\destination-c1-c2\units\unit-13.txt	file=sources\destination-c1-c2\sections\unit-13-s01-vocabulary.txt
unit=13	section_index=02	section=topic-vocabulary:Quantity see page 233 for definitions	heading=Topic vocabulary: Quantity see page 233 for definitions	start_line=232	end_line=244	line_count=13	source=sources\destination-c1-c2\units\unit-13.txt	file=sources\destination-c1-c2\sections\unit-13-s02-topic-vocabulary-quantity-see-page-233-for-definitions.txt
unit=13	section_index=03	section=topic-vocabulary:Money see page 234 for definitions	heading=Topic vocabulary: Money see page 234 for definitions	start_line=245	end_line=252	line_count=8	source=sources\destination-c1-c2\units\unit-13.txt	file=sources\destination-c1-c2\sections\unit-13-s03-topic-vocabulary-money-see-page-234-for-definitions.txt
unit=13	section_index=04	section=phrasal-verbs	heading=Phrasal verbs	start_line=253	end_line=292	line_count=40	source=sources\destination-c1-c2\units\unit-13.txt	file=sources\destination-c1-c2\sections\unit-13-s04-phrasal-verbs.txt
unit=13	section_index=05	section=phrases-patterns-collocations	heading=Phrases, patterns and collocations	start_line=293	end_line=332	line_count=40	source=sources\destination-c1-c2\units\unit-13.txt	file=sources\destination-c1-c2\sections\unit-13-s05-phrases-patterns-collocations.txt
unit=13	section_index=06	section=idioms	heading=Idioms	start_line=333	end_line=349	line_count=17	source=sources\destination-c1-c2\units\unit-13.txt	file=sources\destination-c1-c2\sections\unit-13-s06-idioms.txt
unit=13	section_index=07	section=word-formation	heading=Word formation	start_line=350	end_line=372	line_count=23	source=sources\destination-c1-c2\units\unit-13.txt	file=sources\destination-c1-c2\sections\unit-13-s07-word-formation.txt
unit=14	section_index=01	section=topic-vocabulary:Quantity	heading=Topic vocabulary: Quantity	start_line=5	end_line=44	line_count=40	source=sources\destination-c1-c2\units\unit-14.txt	file=sources\destination-c1-c2\sections\unit-14-s01-topic-vocabulary-quantity.txt
unit=14	section_index=02	section=topic-vocabulary:Money	heading=Topic vocabulary: Money	start_line=45	end_line=96	line_count=52	source=sources\destination-c1-c2\units\unit-14.txt	file=sources\destination-c1-c2\sections\unit-14-s02-topic-vocabulary-money.txt
unit=14	section_index=03	section=phrasal-verbs	heading=Phrasal verbs	start_line=97	end_line=144	line_count=48	source=sources\destination-c1-c2\units\unit-14.txt	file=sources\destination-c1-c2\sections\unit-14-s03-phrasal-verbs.txt
unit=14	section_index=04	section=phrases-patterns-collocations	heading=Phrases, patterns and collocations	start_line=145	end_line=229	line_count=85	source=sources\destination-c1-c2\units\unit-14.txt	file=sources\destination-c1-c2\sections\unit-14-s04-phrases-patterns-collocations.txt
unit=14	section_index=05	section=idioms	heading=Idioms	start_line=230	end_line=251	line_count=22	source=sources\destination-c1-c2\units\unit-14.txt	file=sources\destination-c1-c2\sections\unit-14-s05-idioms.txt
unit=14	section_index=06	section=word-formation	heading=Word formation	start_line=252	end_line=330	line_count=79	source=sources\destination-c1-c2\units\unit-14.txt	file=sources\destination-c1-c2\sections\unit-14-s06-word-formation.txt
unit=14	section_index=07	section=review	heading=REVIEW	start_line=331	end_line=576	line_count=246	source=sources\destination-c1-c2\units\unit-14.txt	file=sources\destination-c1-c2\sections\unit-14-s07-review.txt
unit=15	section_index=01	section=vocabulary	heading=Vocabulary	start_line=224	end_line=231	line_count=8	source=sources\destination-c1-c2\units\unit-15.txt	file=sources\destination-c1-c2\sections\unit-15-s01-vocabulary.txt
unit=15	section_index=02	section=topic-vocabulary:Materials see page 235 for definitions	heading=Topic vocabulary: Materials see page 235 for definitions	start_line=232	end_line=246	line_count=15	source=sources\destination-c1-c2\units\unit-15.txt	file=sources\destination-c1-c2\sections\unit-15-s02-topic-vocabulary-materials-see-page-235-for-definitions.txt
unit=15	section_index=03	section=topic-vocabulary:The built environment see page 236 for definitions	heading=Topic vocabulary: The built environment see page 236 for definitions	start_line=247	end_line=254	line_count=8	source=sources\destination-c1-c2\units\unit-15.txt	file=sources\destination-c1-c2\sections\unit-15-s03-topic-vocabulary-the-built-environment-see-page-236-for-definitions.txt
unit=15	section_index=04	section=phrasal-verbs	heading=Phrasal verbs	start_line=255	end_line=286	line_count=32	source=sources\destination-c1-c2\units\unit-15.txt	file=sources\destination-c1-c2\sections\unit-15-s04-phrasal-verbs.txt
unit=15	section_index=05	section=phrases-patterns-collocations	heading=Phrases, patterns and collocations	start_line=287	end_line=320	line_count=34	source=sources\destination-c1-c2\units\unit-15.txt	file=sources\destination-c1-c2\sections\unit-15-s05-phrases-patterns-collocations.txt
unit=15	section_index=06	section=idioms	heading=Idioms	start_line=321	end_line=333	line_count=13	source=sources\destination-c1-c2\units\unit-15.txt	file=sources\destination-c1-c2\sections\unit-15-s06-idioms.txt
unit=15	section_index=07	section=word-formation	heading=Word formation	start_line=334	end_line=358	line_count=25	source=sources\destination-c1-c2\units\unit-15.txt	file=sources\destination-c1-c2\sections\unit-15-s07-word-formation.txt
unit=16	section_index=01	section=topic-vocabulary:Materials	heading=Topic vocabulary: Materials	start_line=6	end_line=72	line_count=67	source=sources\destination-c1-c2\units\unit-16.txt	file=sources\destination-c1-c2\sections\unit-16-s01-topic-vocabulary-materials.txt
unit=16	section_index=02	section=topic-vocabulary:The built environment	heading=Topic vocabulary: The built environment	start_line=73	end_line=113	line_count=41	source=sources\destination-c1-c2\units\unit-16.txt	file=sources\destination-c1-c2\sections\unit-16-s02-topic-vocabulary-the-built-environment.txt
unit=16	section_index=03	section=phrasal-verbs	heading=Phrasal verbs	start_line=114	end_line=169	line_count=56	source=sources\destination-c1-c2\units\unit-16.txt	file=sources\destination-c1-c2\sections\unit-16-s03-phrasal-verbs.txt
unit=16	section_index=04	section=phrases-patterns-collocations	heading=Phrases, patterns and collocations	start_line=170	end_line=237	line_count=68	source=sources\destination-c1-c2\units\unit-16.txt	file=sources\destination-c1-c2\sections\unit-16-s04-phrases-patterns-collocations.txt
unit=16	section_index=05	section=idioms	heading=Idioms	start_line=238	end_line=256	line_count=19	source=sources\destination-c1-c2\units\unit-16.txt	file=sources\destination-c1-c2\sections\unit-16-s05-idioms.txt
unit=16	section_index=06	section=word-formation	heading=Word formation	start_line=257	end_line=432	line_count=176	source=sources\destination-c1-c2\units\unit-16.txt	file=sources\destination-c1-c2\sections\unit-16-s06-word-formation.txt
unit=16	section_index=07	section=grammar	heading=Grammar	start_line=433	end_line=561	line_count=129	source=sources\destination-c1-c2\units\unit-16.txt	file=sources\destination-c1-c2\sections\unit-16-s07-grammar.txt
unit=17	section_index=01	section=vocabulary	heading=Vocabulary	start_line=220	end_line=227	line_count=8	source=sources\destination-c1-c2\units\unit-17.txt	file=sources\destination-c1-c2\sections\unit-17-s01-vocabulary.txt
unit=17	section_index=02	section=topic-vocabulary:Reactions see page 237 for definitions	heading=Topic vocabulary: Reactions see page 237 for definitions	start_line=228	end_line=238	line_count=11	source=sources\destination-c1-c2\units\unit-17.txt	file=sources\destination-c1-c2\sections\unit-17-s02-topic-vocabulary-reactions-see-page-237-for-definitions.txt
unit=17	section_index=03	section=topic-vocabulary:Health see page 238 for definitions	heading=Topic vocabulary: Health see page 238 for definitions	start_line=239	end_line=246	line_count=8	source=sources\destination-c1-c2\units\unit-17.txt	file=sources\destination-c1-c2\sections\unit-17-s03-topic-vocabulary-health-see-page-238-for-definitions.txt
unit=17	section_index=04	section=phrasal-verbs	heading=Phrasal verbs	start_line=247	end_line=268	line_count=22	source=sources\destination-c1-c2\units\unit-17.txt	file=sources\destination-c1-c2\sections\unit-17-s04-phrasal-verbs.txt
unit=17	section_index=05	section=phrases-patterns-collocations	heading=Phrases, patterns and collocations	start_line=269	end_line=307	line_count=39	source=sources\destination-c1-c2\units\unit-17.txt	file=sources\destination-c1-c2\sections\unit-17-s05-phrases-patterns-collocations.txt
unit=17	section_index=06	section=idioms	heading=Idioms	start_line=308	end_line=325	line_count=18	source=sources\destination-c1-c2\units\unit-17.txt	file=sources\destination-c1-c2\sections\unit-17-s06-idioms.txt
unit=17	section_index=07	section=word-formation	heading=Word formation	start_line=326	end_line=353	line_count=28	source=sources\destination-c1-c2\units\unit-17.txt	file=sources\destination-c1-c2\sections\unit-17-s07-word-formation.txt
unit=18	section_index=01	section=topic-vocabulary:Reactions	heading=Topic vocabulary: Reactions	start_line=5	end_line=90	line_count=86	source=sources\destination-c1-c2\units\unit-18.txt	file=sources\destination-c1-c2\sections\unit-18-s01-topic-vocabulary-reactions.txt
unit=18	section_index=02	section=topic-vocabulary:Health	heading=Topic vocabulary: Health	start_line=91	end_line=140	line_count=50	source=sources\destination-c1-c2\units\unit-18.txt	file=sources\destination-c1-c2\sections\unit-18-s02-topic-vocabulary-health.txt
unit=18	section_index=03	section=phrasal-verbs	heading=Phrasal verbs	start_line=141	end_line=182	line_count=42	source=sources\destination-c1-c2\units\unit-18.txt	file=sources\destination-c1-c2\sections\unit-18-s03-phrasal-verbs.txt
unit=18	section_index=04	section=phrases-patterns-collocations	heading=Phrases, patterns and collocations	start_line=183	end_line=256	line_count=74	source=sources\destination-c1-c2\units\unit-18.txt	file=sources\destination-c1-c2\sections\unit-18-s04-phrases-patterns-collocations.txt
unit=18	section_index=05	section=idioms	heading=Idioms	start_line=257	end_line=278	line_count=22	source=sources\destination-c1-c2\units\unit-18.txt	file=sources\destination-c1-c2\sections\unit-18-s05-idioms.txt
unit=18	section_index=06	section=word-formation	heading=Word formation	start_line=279	end_line=441	line_count=163	source=sources\destination-c1-c2\units\unit-18.txt	file=sources\destination-c1-c2\sections\unit-18-s06-word-formation.txt
unit=18	section_index=07	section=grammar	heading=Grammar	start_line=442	end_line=568	line_count=127	source=sources\destination-c1-c2\units\unit-18.txt	file=sources\destination-c1-c2\sections\unit-18-s07-grammar.txt
unit=19	section_index=01	section=vocabulary	heading=Vocabulary	start_line=231	end_line=238	line_count=8	source=sources\destination-c1-c2\units\unit-19.txt	file=sources\destination-c1-c2\sections\unit-19-s01-vocabulary.txt
unit=19	section_index=02	section=topic-vocabulary:Power see page 238 for definitions	heading=Topic vocabulary: Power see page 238 for definitions	start_line=239	end_line=252	line_count=14	source=sources\destination-c1-c2\units\unit-19.txt	file=sources\destination-c1-c2\sections\unit-19-s02-topic-vocabulary-power-see-page-238-for-definitions.txt
unit=19	section_index=03	section=topic-vocabulary:Social issues see page 239 for definitions	heading=Topic vocabulary: Social issues see page 239 for definitions	start_line=253	end_line=260	line_count=8	source=sources\destination-c1-c2\units\unit-19.txt	file=sources\destination-c1-c2\sections\unit-19-s03-topic-vocabulary-social-issues-see-page-239-for-definitions.txt
unit=19	section_index=04	section=phrasal-verbs	heading=Phrasal verbs	start_line=261	end_line=289	line_count=29	source=sources\destination-c1-c2\units\unit-19.txt	file=sources\destination-c1-c2\sections\unit-19-s04-phrasal-verbs.txt
unit=19	section_index=05	section=phrases-patterns-collocations	heading=Phrases, patterns and collocations	start_line=290	end_line=332	line_count=43	source=sources\destination-c1-c2\units\unit-19.txt	file=sources\destination-c1-c2\sections\unit-19-s05-phrases-patterns-collocations.txt
unit=19	section_index=06	section=idioms	heading=Idioms	start_line=333	end_line=348	line_count=16	source=sources\destination-c1-c2\units\unit-19.txt	file=sources\destination-c1-c2\sections\unit-19-s06-idioms.txt
unit=19	section_index=07	section=word-formation	heading=Word formation	start_line=349	end_line=369	line_count=21	source=sources\destination-c1-c2\units\unit-19.txt	file=sources\destination-c1-c2\sections\unit-19-s07-word-formation.txt
unit=20	section_index=01	section=topic-vocabulary:Power	heading=Topic vocabulary: Power	start_line=5	end_line=62	line_count=58	source=sources\destination-c1-c2\units\unit-20.txt	file=sources\destination-c1-c2\sections\unit-20-s01-topic-vocabulary-power.txt
unit=20	section_index=02	section=topic-vocabulary:Social issues	heading=Topic vocabulary: Social issues	start_line=63	end_line=98	line_count=36	source=sources\destination-c1-c2\units\unit-20.txt	file=sources\destination-c1-c2\sections\unit-20-s02-topic-vocabulary-social-issues.txt
unit=20	section_index=03	section=phrasal-verbs	heading=Phrasal verbs	start_line=99	end_line=152	line_count=54	source=sources\destination-c1-c2\units\unit-20.txt	file=sources\destination-c1-c2\sections\unit-20-s03-phrasal-verbs.txt
unit=20	section_index=04	section=phrases-patterns-collocations	heading=Phrases, patterns and collocations	start_line=153	end_line=233	line_count=81	source=sources\destination-c1-c2\units\unit-20.txt	file=sources\destination-c1-c2\sections\unit-20-s04-phrases-patterns-collocations.txt
unit=20	section_index=05	section=idioms	heading=Idioms	start_line=234	end_line=252	line_count=19	source=sources\destination-c1-c2\units\unit-20.txt	file=sources\destination-c1-c2\sections\unit-20-s05-idioms.txt
unit=20	section_index=06	section=word-formation	heading=Word formation	start_line=253	end_line=338	line_count=86	source=sources\destination-c1-c2\units\unit-20.txt	file=sources\destination-c1-c2\sections\unit-20-s06-word-formation.txt
unit=20	section_index=07	section=review	heading=REVIEW	start_line=339	end_line=571	line_count=233	source=sources\destination-c1-c2\units\unit-20.txt	file=sources\destination-c1-c2\sections\unit-20-s07-review.txt
unit=21	section_index=01	section=topic-vocabulary:Quality see page 240 for definitions	heading=Topic vocabulary: Quality see page 240 for definitions	start_line=232	end_line=244	line_count=13	source=sources\destination-c1-c2\units\unit-21.txt	file=sources\destination-c1-c2\sections\unit-21-s01-topic-vocabulary-quality-see-page-240-for-definitions.txt
unit=21	section_index=02	section=topic-vocabulary:The arts see page 241 for definitions	heading=Topic vocabulary: The arts see page 241 for definitions	start_line=245	end_line=251	line_count=7	source=sources\destination-c1-c2\units\unit-21.txt	file=sources\destination-c1-c2\sections\unit-21-s02-topic-vocabulary-the-arts-see-page-241-for-definitions.txt
unit=21	section_index=03	section=phrasal-verbs	heading=Phrasal verbs	start_line=252	end_line=286	line_count=35	source=sources\destination-c1-c2\units\unit-21.txt	file=sources\destination-c1-c2\sections\unit-21-s03-phrasal-verbs.txt
unit=21	section_index=04	section=phrases-patterns-collocations	heading=Phrases, patterns and collocations	start_line=287	end_line=320	line_count=34	source=sources\destination-c1-c2\units\unit-21.txt	file=sources\destination-c1-c2\sections\unit-21-s04-phrases-patterns-collocations.txt
unit=21	section_index=05	section=idioms	heading=Idioms	start_line=321	end_line=335	line_count=15	source=sources\destination-c1-c2\units\unit-21.txt	file=sources\destination-c1-c2\sections\unit-21-s05-idioms.txt
unit=21	section_index=06	section=word-formation	heading=Word formation	start_line=336	end_line=364	line_count=29	source=sources\destination-c1-c2\units\unit-21.txt	file=sources\destination-c1-c2\sections\unit-21-s06-word-formation.txt
unit=22	section_index=01	section=topic-vocabulary:Quality	heading=Topic vocabulary: Quality	start_line=5	end_line=54	line_count=50	source=sources\destination-c1-c2\units\unit-22.txt	file=sources\destination-c1-c2\sections\unit-22-s01-topic-vocabulary-quality.txt
unit=22	section_index=02	section=topic-vocabulary:The arts	heading=Topic vocabulary: The arts	start_line=55	end_line=109	line_count=55	source=sources\destination-c1-c2\units\unit-22.txt	file=sources\destination-c1-c2\sections\unit-22-s02-topic-vocabulary-the-arts.txt
unit=22	section_index=03	section=phrasal-verbs	heading=Phrasal verbs	start_line=110	end_line=145	line_count=36	source=sources\destination-c1-c2\units\unit-22.txt	file=sources\destination-c1-c2\sections\unit-22-s03-phrasal-verbs.txt
unit=22	section_index=04	section=phrases-patterns-collocations	heading=Phrases, patterns and collocations	start_line=146	end_line=221	line_count=76	source=sources\destination-c1-c2\units\unit-22.txt	file=sources\destination-c1-c2\sections\unit-22-s04-phrases-patterns-collocations.txt
unit=22	section_index=05	section=idioms	heading=Idioms	start_line=222	end_line=246	line_count=25	source=sources\destination-c1-c2\units\unit-22.txt	file=sources\destination-c1-c2\sections\unit-22-s05-idioms.txt
unit=22	section_index=06	section=word-formation	heading=Word formation	start_line=247	end_line=329	line_count=83	source=sources\destination-c1-c2\units\unit-22.txt	file=sources\destination-c1-c2\sections\unit-22-s06-word-formation.txt
unit=22	section_index=07	section=review	heading=REVIEW	start_line=330	end_line=567	line_count=238	source=sources\destination-c1-c2\units\unit-22.txt	file=sources\destination-c1-c2\sections\unit-22-s07-review.txt
unit=23	section_index=01	section=vocabulary	heading=Vocabulary	start_line=238	end_line=245	line_count=8	source=sources\destination-c1-c2\units\unit-23.txt	file=sources\destination-c1-c2\sections\unit-23-s01-vocabulary.txt
unit=23	section_index=02	section=topic-vocabulary:Relationships see page 241 for definitions	heading=Topic vocabulary: Relationships see page 241 for definitions	start_line=246	end_line=259	line_count=14	source=sources\destination-c1-c2\units\unit-23.txt	file=sources\destination-c1-c2\sections\unit-23-s02-topic-vocabulary-relationships-see-page-241-for-definitions.txt
unit=23	section_index=03	section=topic-vocabulary:People see page 242 for definitions	heading=Topic vocabulary: People see page 242 for definitions	start_line=260	end_line=293	line_count=34	source=sources\destination-c1-c2\units\unit-23.txt	file=sources\destination-c1-c2\sections\unit-23-s03-topic-vocabulary-people-see-page-242-for-definitions.txt
unit=23	section_index=04	section=phrases-patterns-collocations	heading=Phrases, patterns and collocations	start_line=294	end_line=328	line_count=35	source=sources\destination-c1-c2\units\unit-23.txt	file=sources\destination-c1-c2\sections\unit-23-s04-phrases-patterns-collocations.txt
unit=23	section_index=05	section=idioms	heading=Idioms	start_line=329	end_line=346	line_count=18	source=sources\destination-c1-c2\units\unit-23.txt	file=sources\destination-c1-c2\sections\unit-23-s05-idioms.txt
unit=23	section_index=06	section=word-formation	heading=Word formation	start_line=347	end_line=372	line_count=26	source=sources\destination-c1-c2\units\unit-23.txt	file=sources\destination-c1-c2\sections\unit-23-s06-word-formation.txt
unit=24	section_index=01	section=topic-vocabulary:Relationships	heading=Topic vocabulary: Relationships	start_line=5	end_line=77	line_count=73	source=sources\destination-c1-c2\units\unit-24.txt	file=sources\destination-c1-c2\sections\unit-24-s01-topic-vocabulary-relationships.txt
unit=24	section_index=02	section=topic-vocabulary:People	heading=Topic vocabulary: People	start_line=78	end_line=130	line_count=53	source=sources\destination-c1-c2\units\unit-24.txt	file=sources\destination-c1-c2\sections\unit-24-s02-topic-vocabulary-people.txt
unit=24	section_index=03	section=phrasal-verbs	heading=Phrasal verbs	start_line=131	end_line=186	line_count=56	source=sources\destination-c1-c2\units\unit-24.txt	file=sources\destination-c1-c2\sections\unit-24-s03-phrasal-verbs.txt
unit=24	section_index=04	section=phrases-patterns-collocations	heading=Phrases, patterns and collocations	start_line=187	end_line=250	line_count=64	source=sources\destination-c1-c2\units\unit-24.txt	file=sources\destination-c1-c2\sections\unit-24-s04-phrases-patterns-collocations.txt
unit=24	section_index=05	section=idioms	heading=Idioms	start_line=251	end_line=265	line_count=15	source=sources\destination-c1-c2\units\unit-24.txt	file=sources\destination-c1-c2\sections\unit-24-s05-idioms.txt
unit=24	section_index=06	section=word-formation	heading=Word formation	start_line=266	end_line=575	line_count=310	source=sources\destination-c1-c2\units\unit-24.txt	file=sources\destination-c1-c2\sections\unit-24-s06-word-formation.txt
unit=25	section_index=01	section=vocabulary	heading=Vocabulary	start_line=237	end_line=240	line_count=4	source=sources\destination-c1-c2\units\unit-25.txt	file=sources\destination-c1-c2\sections\unit-25-s01-vocabulary.txt
unit=25	section_index=02	section=topic-vocabulary:Preference see page 243 for definitions	heading=Topic vocabulary: Preference see page 243 for definitions	start_line=241	end_line=254	line_count=14	source=sources\destination-c1-c2\units\unit-25.txt	file=sources\destination-c1-c2\sections\unit-25-s02-topic-vocabulary-preference-see-page-243-for-definitions.txt
unit=25	section_index=03	section=topic-vocabulary:Leisure activities see page 244 for definitions	heading=Topic vocabulary: Leisure activities see page 244 for definitions	start_line=255	end_line=263	line_count=9	source=sources\destination-c1-c2\units\unit-25.txt	file=sources\destination-c1-c2\sections\unit-25-s03-topic-vocabulary-leisure-activities-see-page-244-for-definitions.txt
unit=25	section_index=04	section=phrasal-verbs	heading=Phrasal verbs	start_line=264	end_line=292	line_count=29	source=sources\destination-c1-c2\units\unit-25.txt	file=sources\destination-c1-c2\sections\unit-25-s04-phrasal-verbs.txt
unit=25	section_index=05	section=phrases-patterns-collocations	heading=Phrases, patterns and collocations	start_line=293	end_line=324	line_count=32	source=sources\destination-c1-c2\units\unit-25.txt	file=sources\destination-c1-c2\sections\unit-25-s05-phrases-patterns-collocations.txt
unit=25	section_index=06	section=idioms	heading=Idioms	start_line=325	end_line=337	line_count=13	source=sources\destination-c1-c2\units\unit-25.txt	file=sources\destination-c1-c2\sections\unit-25-s06-idioms.txt
unit=25	section_index=07	section=word-formation	heading=Word formation	start_line=338	end_line=360	line_count=23	source=sources\destination-c1-c2\units\unit-25.txt	file=sources\destination-c1-c2\sections\unit-25-s07-word-formation.txt
unit=26	section_index=01	section=topic-vocabulary:Preference	heading=Topic vocabulary: Preference	start_line=6	end_line=78	line_count=73	source=sources\destination-c1-c2\units\unit-26.txt	file=sources\destination-c1-c2\sections\unit-26-s01-topic-vocabulary-preference.txt
unit=26	section_index=02	section=topic-vocabulary:Leisure activities	heading=Topic vocabulary: Leisure activities	start_line=79	end_line=119	line_count=41	source=sources\destination-c1-c2\units\unit-26.txt	file=sources\destination-c1-c2\sections\unit-26-s02-topic-vocabulary-leisure-activities.txt
unit=26	section_index=03	section=phrasal-verbs	heading=Phrasal verbs	start_line=120	end_line=165	line_count=46	source=sources\destination-c1-c2\units\unit-26.txt	file=sources\destination-c1-c2\sections\unit-26-s03-phrasal-verbs.txt
unit=26	section_index=04	section=phrases-patterns-collocations	heading=Phrases, patterns and collocations	start_line=166	end_line=234	line_count=69	source=sources\destination-c1-c2\units\unit-26.txt	file=sources\destination-c1-c2\sections\unit-26-s04-phrases-patterns-collocations.txt
unit=26	section_index=05	section=idioms	heading=Idioms	start_line=235	end_line=263	line_count=29	source=sources\destination-c1-c2\units\unit-26.txt	file=sources\destination-c1-c2\sections\unit-26-s05-idioms.txt
unit=26	section_index=06	section=word-formation	heading=Word formation	start_line=264	end_line=455	line_count=192	source=sources\destination-c1-c2\units\unit-26.txt	file=sources\destination-c1-c2\sections\unit-26-s06-word-formation.txt
unit=26	section_index=07	section=progress-test	heading=Progress Test 2: Units 13-26	start_line=456	end_line=732	line_count=277	source=sources\destination-c1-c2\units\unit-26.txt	file=sources\destination-c1-c2\sections\unit-26-s07-progress-test.txt
